Name,Date,Time,Counter1,Counter2
Tsalano,2016/01/16,19:45:00,1854184.96,0.00
Tsalano,2016/01/16,19:46:00,1854184.96,0.00
Tsalano,2016/01/16,19:47:00,1854184.96,0.00
Tsalano,2016/01/16,19:48:00,1854186.08,0.00
Tsalano,2016/01/16,19:49:00,1854192.96,0.00
Tsalano,2016/01/16,19:50:00,1854199.04,0.00
Tsalano,2016/01/16,19:51:00,1854199.04,0.00
Tsalano,2016/01/16,19:52:00,1854199.04,0.00
Tsalano,2016/01/16,19:53:00,1854199.04,0.00
Tsalano,2016/01/16,19:54:00,1854199.04,0.00
Tsalano,2016/01/16,19:55:00,1854199.04,0.00
Tsalano,2016/01/16,19:56:00,1854199.04,0.00
Tsalano,2016/01/16,20:00:00,1854199.04,0.00
Tsalano,2016/01/16,21:00:00,1854199.04,0.00
Tsalano,2016/01/16,21:38:00,1854200.00,0.00
Tsalano,2016/01/16,22:00:00,1854210.08,0.00
Tsalano,2016/01/16,23:00:00,1854210.08,0.00
Tsalano,2016/01/17,00:00:00,1854210.08,0.00
Tsalano,2016/01/17,01:00:00,1854210.08,0.00
Tsalano,2016/01/17,02:00:00,1854210.08,0.00
Tsalano,2016/01/17,03:00:00,1854210.08,0.00
Tsalano,2016/01/17,04:00:00,1854210.08,0.00
Tsalano,2016/01/17,05:00:00,1854210.08,0.00
Tsalano,2016/01/17,06:00:00,1854210.08,0.00
Tsalano,2016/01/17,07:00:00,1854256.00,0.00
Tsalano,2016/01/17,08:00:00,1854290.08,0.00
Tsalano,2016/01/17,09:00:00,1854311.04,0.00
Tsalano,2016/01/17,10:00:00,1854400.00,0.00
Tsalano,2016/01/17,11:00:00,1854475.04,0.00
Tsalano,2016/01/17,12:00:00,1854568.00,0.00
Tsalano,2016/01/17,13:00:00,1854575.04,0.00
Tsalano,2016/01/17,14:00:00,1854588.00,0.00
Tsalano,2016/01/17,15:00:00,1854610.08,0.00
Tsalano,2016/01/17,16:00:00,1854610.08,0.00
Tsalano,2016/01/17,17:00:00,1854610.08,0.00
Tsalano,2016/01/17,18:00:00,1854610.08,0.00
Tsalano,2016/01/17,19:00:00,1854616.00,0.00
Rietvlei,2016/01/17,19:00:00,198908.00,18.50
Rietvlei,2016/01/17,20:00:00,198908.00,86.00
Tsalano,2016/01/17,20:00:00,1854654.08,0.00
Tsalano,2016/01/17,21:00:00,1854670.08,0.00
Rietvlei,2016/01/17,21:00:00,198908.00,100.50
Tsalano,2016/01/17,22:00:00,1854670.08,0.00
Rietvlei,2016/01/17,22:00:01,198908.00,104.00
Rietvlei,2016/01/17,23:00:00,198908.00,130.50
Tsalano,2016/01/17,23:00:01,1854670.08,0.00
Rietvlei,2016/01/18,00:00:00,198908.00,141.50
Tsalano,2016/01/18,00:00:00,1854670.08,0.00
Tsalano,2016/01/18,01:00:00,1854670.08,0.00
Rietvlei,2016/01/18,01:00:00,198908.00,146.00
Tsalano,2016/01/18,02:00:00,1854670.08,0.00
Rietvlei,2016/01/18,02:00:01,198908.00,150.00
Tsalano,2016/01/18,03:00:00,1854670.08,0.00
Rietvlei,2016/01/18,03:00:00,198908.00,154.00
Rietvlei,2016/01/18,04:00:00,198908.00,165.00
Tsalano,2016/01/18,04:00:00,1854670.08,0.00
Tsalano,2016/01/18,05:00:00,1854700.00,0.00
Rietvlei,2016/01/18,05:00:00,198908.00,169.50
Rietvlei,2016/01/18,06:00:00,198908.00,251.00
Tsalano,2016/01/18,06:00:00,1854746.08,0.00
Tsalano,2016/01/18,07:00:00,1854802.08,0.00
Rietvlei,2016/01/18,07:00:00,198908.00,339.00
Rietvlei,2016/01/18,08:00:00,198908.00,381.50
Tsalano,2016/01/18,08:00:00,1854836.96,0.00
Rietvlei,2016/01/18,09:00:00,198908.00,527.50
Tsalano,2016/01/18,09:00:00,1854944.96,0.00
Rietvlei,2016/01/18,10:00:00,198908.00,528.50
Tsalano,2016/01/18,10:00:00,1854944.96,0.00
Rietvlei,2016/01/18,11:00:00,198908.00,532.50
Tsalano,2016/01/18,11:00:01,1854950.08,0.00
Rietvlei,2016/01/18,12:00:00,198908.00,532.50
Tsalano,2016/01/18,12:00:00,1854956.00,0.00
Tsalano,2016/01/18,13:00:00,1855007.04,0.00
Rietvlei,2016/01/18,13:00:00,198908.00,549.00
Rietvlei,2016/01/18,14:00:00,198908.00,554.00
Tsalano,2016/01/18,14:00:00,1855019.04,0.00
Rietvlei,2016/01/18,15:00:00,198908.00,558.00
Tsalano,2016/01/18,15:00:00,1855059.04,0.00
Rietvlei,2016/01/18,16:00:00,198908.00,573.50
Tsalano,2016/01/18,16:00:00,1855064.96,0.00
Rietvlei,2016/01/18,17:00:00,198908.00,600.50
Tsalano,2016/01/18,17:00:00,1855072.96,0.00
Rietvlei,2016/01/18,18:00:00,198908.00,398442.00
Tsalano,2016/01/18,18:00:00,1855078.08,0.00
Rietvlei,2016/01/18,19:00:00,198908.00,398451.00
Tsalano,2016/01/18,19:00:01,1855084.00,0.00
Rietvlei,2016/01/18,20:00:00,198908.00,398464.00
Tsalano,2016/01/18,20:00:00,1855138.08,0.00
Rietvlei,2016/01/18,21:00:00,198908.00,398477.52
Tsalano,2016/01/18,21:00:00,1855232.96,0.00
Tsalano,2016/01/18,22:00:00,1855232.96,0.00
Rietvlei,2016/01/18,22:00:00,198908.00,398481.00
Rietvlei,2016/01/18,23:00:00,198908.00,398485.52
Tsalano,2016/01/18,23:00:00,1855232.96,0.00
Rietvlei,2016/01/19,00:00:00,198908.00,398508.00
Tsalano,2016/01/19,00:00:00,1855232.96,0.00
Rietvlei,2016/01/19,01:00:00,198908.00,398512.52
Tsalano,2016/01/19,01:00:00,1855232.96,0.00
Tsalano,2016/01/19,02:00:00,1855232.96,0.00
Rietvlei,2016/01/19,02:00:00,198908.00,398516.52
Tsalano,2016/01/19,03:00:00,1855232.96,0.00
Rietvlei,2016/01/19,03:00:00,198908.00,398520.52
Rietvlei,2016/01/19,04:00:00,198908.00,398524.52
Tsalano,2016/01/19,04:00:01,1855232.96,0.00
Tsalano,2016/01/19,05:00:00,1855232.96,0.00
Rietvlei,2016/01/19,05:00:00,198908.00,398528.52
Rietvlei,2016/01/19,06:00:00,198908.00,398544.00
Tsalano,2016/01/19,06:00:00,1855282.08,0.00
Tsalano,2016/01/19,07:00:00,1855344.96,0.00
Rietvlei,2016/01/19,07:00:00,198908.00,398710.00
Rietvlei,2016/01/19,08:00:00,198908.00,398816.00
Tsalano,2016/01/19,08:00:00,1855344.96,0.00
Rietvlei,2016/01/19,09:00:00,198908.00,398818.52
Tsalano,2016/01/19,09:00:00,1855404.96,0.00
Rietvlei,2016/01/19,10:00:00,198908.00,398917.52
Tsalano,2016/01/19,10:00:00,1855464.00,0.00
Rietvlei,2016/01/19,11:00:00,198908.00,398995.00
Tsalano,2016/01/19,11:00:00,1855500.96,0.00
Rietvlei,2016/01/19,12:00:00,198908.00,399021.52
Tsalano,2016/01/19,12:00:01,1855559.04,0.00
Tsalano,2016/01/19,13:00:00,1855702.08,0.00
Rietvlei,2016/01/19,13:00:00,198908.00,399035.52
Tsalano,2016/01/19,14:00:00,1855710.08,0.00
Rietvlei,2016/01/19,14:00:00,198908.00,399052.52
Rietvlei,2016/01/19,15:00:00,198908.00,399107.00
Tsalano,2016/01/19,15:00:00,1855720.96,0.00
Rietvlei,2016/01/19,16:00:00,198908.00,399196.00
Tsalano,2016/01/19,16:00:01,1855734.08,0.00
Rietvlei,2016/01/19,17:00:00,198908.00,399206.52
Tsalano,2016/01/19,17:00:00,1855748.96,0.00
Tsalano,2016/01/19,18:00:00,1855750.08,0.00
Rietvlei,2016/01/19,18:00:00,198908.00,399222.52
Rietvlei,2016/01/19,19:00:00,198908.00,399237.52
Tsalano,2016/01/19,19:00:00,1855786.08,0.00
Rietvlei,2016/01/19,20:00:00,198908.00,399249.52
Tsalano,2016/01/19,20:00:00,1855852.96,0.00
Rietvlei,2016/01/19,21:00:00,198908.00,399280.00
Tsalano,2016/01/19,21:00:00,1855895.04,0.00
Rietvlei,2016/01/19,22:00:00,198908.00,399296.00
Tsalano,2016/01/19,22:00:00,1855931.04,0.00
Tsalano,2016/01/19,23:00:00,1855931.04,0.00
Rietvlei,2016/01/19,23:00:00,198908.00,399319.00
Rietvlei,2016/01/20,00:00:00,198908.00,399323.00
Tsalano,2016/01/20,00:00:01,1855931.04,0.00
Rietvlei,2016/01/20,01:00:00,198908.00,399327.00
Tsalano,2016/01/20,01:00:00,1855931.04,0.00
Rietvlei,2016/01/20,02:00:00,198908.00,399331.00
Tsalano,2016/01/20,02:00:00,1855931.04,0.00
Tsalano,2016/01/20,03:00:00,1855931.04,0.00
Rietvlei,2016/01/20,03:00:00,198908.00,399334.00
Rietvlei,2016/01/20,04:00:00,198908.00,399337.52
Tsalano,2016/01/20,04:00:00,1855931.04,0.00
Rietvlei,2016/01/20,05:00:00,198908.00,399341.00
Tsalano,2016/01/20,05:00:00,1855931.04,0.00
Tsalano,2016/01/20,06:00:00,1856015.04,0.00
Rietvlei,2016/01/20,06:00:00,198908.00,399347.00
Tsalano,2016/01/20,07:00:00,1856071.04,0.00
Rietvlei,2016/01/20,07:00:00,198908.00,399417.00
Rietvlei,2016/01/20,08:00:00,198908.00,399594.00
Tsalano,2016/01/20,08:00:01,1856112.00,0.00
Rietvlei,2016/01/20,09:00:00,198908.00,399594.52
Tsalano,2016/01/20,09:00:00,1856128.00,0.00
Rietvlei,2016/01/20,10:00:00,198908.00,399595.52
Tsalano,2016/01/20,10:00:00,1856135.04,0.00
Tsalano,2016/01/20,11:00:00,1856152.00,0.00
Rietvlei,2016/01/20,11:00:01,198908.00,399604.52
Tsalano,2016/01/20,12:00:00,1856152.96,0.00
Rietvlei,2016/01/20,12:00:00,198908.00,399614.00
Rietvlei,2016/01/20,13:00:00,198908.00,399616.00
Tsalano,2016/01/20,13:00:00,1856306.08,0.00
Rietvlei,2016/01/20,14:00:00,198908.00,399618.00
Tsalano,2016/01/20,14:00:00,1856310.08,0.00
Tsalano,2016/01/20,15:00:00,1856320.00,0.00
Rietvlei,2016/01/20,15:00:00,198908.00,399618.00
Tsalano,2016/01/20,16:00:00,1856320.00,0.00
Rietvlei,2016/01/20,16:00:00,198908.00,399619.52
Rietvlei,2016/01/20,17:00:00,198908.00,399649.00
Tsalano,2016/01/20,17:00:00,1856320.00,0.00
Rietvlei,2016/01/20,18:00:00,198908.00,399655.00
Tsalano,2016/01/20,18:00:00,1856328.96,0.00
Rietvlei,2016/01/20,19:00:00,198908.00,399672.00
Tsalano,2016/01/20,19:00:00,1856446.08,0.00
Rietvlei,2016/01/20,20:00:00,198908.00,399693.52
Tsalano,2016/01/20,20:00:00,1856476.96,0.00
Rietvlei,2016/01/20,21:00:00,198908.00,399699.52
Tsalano,2016/01/20,21:00:00,1856482.08,0.00
Tsalano,2016/01/20,22:00:00,1856482.08,0.00
Rietvlei,2016/01/20,22:00:00,198908.00,399702.52
Rietvlei,2016/01/20,23:00:00,198908.00,399730.52
Tsalano,2016/01/20,23:00:00,1856482.08,0.00
Tsalano,2016/01/21,00:00:00,1856482.08,0.00
Rietvlei,2016/01/21,00:00:00,198908.00,399735.00
Tsalano,2016/01/21,01:00:00,1856482.08,0.00
Rietvlei,2016/01/21,01:00:01,198908.00,399739.00
Rietvlei,2016/01/21,02:00:00,198908.00,399743.00
Tsalano,2016/01/21,02:00:00,1856482.08,0.00
Tsalano,2016/01/21,03:00:00,1856482.08,0.00
Rietvlei,2016/01/21,03:00:00,198908.00,399747.00
Tsalano,2016/01/21,04:00:00,1856482.08,0.00
Rietvlei,2016/01/21,04:00:00,198908.00,399751.00
Tsalano,2016/01/21,05:00:00,1856503.04,0.00
Rietvlei,2016/01/21,05:00:00,198908.00,399757.00
Tsalano,2016/01/21,06:00:00,1856564.96,0.00
Rietvlei,2016/01/21,06:00:01,198908.00,399768.00
Rietvlei,2016/01/21,07:00:00,198908.00,399859.00
Tsalano,2016/01/21,07:00:00,1856624.96,0.00
Tsalano,2016/01/21,08:00:00,1856624.96,0.00
Rietvlei,2016/01/21,08:00:00,198908.00,400009.00
Rietvlei,2016/01/21,09:00:00,198908.00,400277.00
Tsalano,2016/01/21,09:00:00,1856624.96,0.00
Tsalano,2016/01/21,10:00:00,1856688.00,0.00
Rietvlei,2016/01/21,10:00:00,198908.00,400327.52
Rietvlei,2016/01/21,11:00:00,198908.00,400330.52
Tsalano,2016/01/21,11:00:00,1856740.96,0.00
Tsalano,2016/01/21,12:00:00,1856854.08,0.00
Rietvlei,2016/01/21,12:00:00,198908.00,400409.52
Rietvlei,2016/01/21,13:00:00,198908.00,400424.52
Tsalano,2016/01/21,13:00:01,1856996.00,0.00
Rietvlei,2016/01/21,14:00:00,198908.00,400447.00
Tsalano,2016/01/21,14:00:00,1857003.04,0.00
Rietvlei,2016/01/21,15:00:00,198908.00,400461.52
Tsalano,2016/01/21,15:00:00,1857039.04,0.00
Tsalano,2016/01/21,16:00:00,1857039.04,0.00
Rietvlei,2016/01/21,16:00:00,198908.00,400475.00
Tsalano,2016/01/21,17:00:00,1857044.96,0.00
Rietvlei,2016/01/21,17:00:00,198908.00,400508.52
Rietvlei,2016/01/21,18:00:00,198908.00,400516.00
Tsalano,2016/01/21,18:00:00,1857051.04,0.00
Rietvlei,2016/01/21,19:00:00,198908.00,400521.00
Tsalano,2016/01/21,19:00:00,1857120.00,0.00
Rietvlei,2016/01/21,20:00:00,198908.00,400535.00
Tsalano,2016/01/21,20:00:00,1857228.96,0.00
Rietvlei,2016/01/21,21:00:00,198908.00,400548.52
Tsalano,2016/01/21,21:00:00,1857271.04,0.00
Rietvlei,2016/01/21,22:00:00,198908.00,400550.52
Tsalano,2016/01/21,22:00:00,1857271.04,0.00
Rietvlei,2016/01/21,23:00:00,198908.00,400564.00
Tsalano,2016/01/21,23:00:00,1857271.04,0.00
Rietvlei,2016/01/22,00:00:00,198908.00,400567.52
Tsalano,2016/01/22,00:00:00,1857271.04,0.00
Rietvlei,2016/01/22,01:00:00,198908.00,400571.52
Tsalano,2016/01/22,01:00:01,1857271.04,0.00
Tsalano,2016/01/22,02:00:00,1857271.04,0.00
Rietvlei,2016/01/22,02:00:00,198908.00,400574.52
Rietvlei,2016/01/22,03:00:00,198908.00,400578.00
Tsalano,2016/01/22,03:00:00,1857271.04,0.00
Tsalano,2016/01/22,04:00:00,1857271.04,0.00
Rietvlei,2016/01/22,04:00:00,198908.00,400581.52
Rietvlei,2016/01/22,05:00:00,198908.00,400584.52
Tsalano,2016/01/22,05:00:00,1857288.96,0.00
Rietvlei,2016/01/22,06:00:00,198908.00,400603.00
Tsalano,2016/01/22,06:00:00,1857432.96,0.00
Rietvlei,2016/01/22,07:00:00,198908.00,400682.00
Tsalano,2016/01/22,07:00:00,1857596.00,0.00
Rietvlei,2016/01/22,08:00:00,198908.00,400743.00
Tsalano,2016/01/22,08:00:00,1857670.08,0.00
Tsalano,2016/01/22,09:00:00,1857684.96,0.00
Rietvlei,2016/01/22,09:00:00,198908.00,400950.52
Tsalano,2016/01/22,10:00:00,1857686.08,0.00
Rietvlei,2016/01/22,10:00:00,198908.00,400951.52
Tsalano,2016/01/22,11:00:00,1857687.04,0.00
Rietvlei,2016/01/22,11:00:00,198908.00,400952.52
Tsalano,2016/01/22,12:00:00,1857687.04,0.00
Rietvlei,2016/01/22,12:00:00,198908.00,400960.52
Rietvlei,2016/01/22,13:00:00,198908.00,400974.00
Tsalano,2016/01/22,13:00:00,1857688.00,0.00
Rietvlei,2016/01/22,14:00:00,198908.00,400974.52
Tsalano,2016/01/22,14:00:00,1857719.04,0.00
Tsalano,2016/01/22,15:00:00,1857719.04,0.00
Rietvlei,2016/01/22,15:00:00,198908.00,400975.52
Tsalano,2016/01/22,16:00:00,1857860.96,0.00
Rietvlei,2016/01/22,16:00:00,198908.00,400976.52
Tsalano,2016/01/22,17:00:00,1857860.96,0.00
Rietvlei,2016/01/22,17:00:00,198908.00,401002.00
Rietvlei,2016/01/22,18:00:00,198908.00,401008.00
Tsalano,2016/01/22,18:00:00,1857868.00,0.00
Tsalano,2016/01/22,19:00:00,1857868.00,0.00
Rietvlei,2016/01/22,19:00:00,198908.00,401015.52
Rietvlei,2016/01/22,20:00:00,198908.00,401020.52
Tsalano,2016/01/22,20:00:01,1857947.04,0.00
Rietvlei,2016/01/22,21:00:00,198908.00,401026.52
Tsalano,2016/01/22,21:00:00,1857954.08,0.00
Rietvlei,2016/01/22,22:00:00,198908.00,401040.00
Tsalano,2016/01/22,22:00:00,1857962.08,0.00
Rietvlei,2016/01/22,23:00:00,198908.00,401043.00
Tsalano,2016/01/22,23:00:00,1857962.08,0.00
Rietvlei,2016/01/23,00:00:00,198908.00,401067.52
Tsalano,2016/01/23,00:00:00,1857962.08,0.00
Tsalano,2016/01/23,01:00:00,1857962.08,0.00
Rietvlei,2016/01/23,01:00:00,198908.00,401067.52
Tsalano,2016/01/23,02:00:00,1857962.08,0.00
Rietvlei,2016/01/23,02:00:00,198908.00,401067.52
Tsalano,2016/01/23,03:00:00,1857962.08,0.00
Rietvlei,2016/01/23,03:00:00,198908.00,401067.52
Rietvlei,2016/01/23,04:00:00,198908.00,401067.52
Tsalano,2016/01/23,04:00:00,1857962.08,0.00
Rietvlei,2016/01/23,05:00:00,198908.00,401067.52
Tsalano,2016/01/23,05:00:00,1857979.04,0.00
Tsalano,2016/01/23,05:17:00,1857979.04,0.00
Tsalano,2016/01/23,06:00:00,1857979.04,0.00
Rietvlei,2016/01/23,06:00:00,198908.00,401067.52
Rietvlei,2016/01/23,07:00:00,198908.00,401067.52
Tsalano,2016/01/23,07:00:00,1857983.04,0.00
Tsalano,2016/01/23,08:00:00,1858060.00,0.00
Rietvlei,2016/01/23,08:00:00,198908.00,401067.52
Rietvlei,2016/01/23,09:00:00,198908.00,401067.52
Tsalano,2016/01/23,09:00:00,1858084.96,0.00
Tsalano,2016/01/23,10:00:00,1858336.96,0.00
Tsalano,2016/01/23,10:00:00,1858336.96,0.00
Rietvlei,2016/01/23,10:00:01,198908.00,401139.52
Rietvlei,2016/01/23,10:00:01,198908.00,401139.52
Rietvlei,2016/01/23,10:00:01,198908.00,401139.52
Tsalano,2016/01/23,11:00:00,1858352.96,0.00
Rietvlei,2016/01/23,11:00:00,198908.00,401164.00
Tsalano,2016/01/23,12:00:00,1858374.08,0.00
Rietvlei,2016/01/23,12:00:00,198908.00,401349.52
Rietvlei,2016/01/23,13:00:00,198908.00,401403.00
Tsalano,2016/01/23,13:00:00,1858392.96,0.00
Rietvlei,2016/01/23,14:00:00,198908.00,401417.52
Tsalano,2016/01/23,14:00:00,1858424.00,0.00
Rietvlei,2016/01/23,15:00:00,198908.00,401420.00
Tsalano,2016/01/23,15:00:00,1858424.96,0.00
Tsalano,2016/01/23,16:00:00,1858424.96,0.00
Rietvlei,2016/01/23,16:00:00,198908.00,401432.00
Tsalano,2016/01/23,17:00:00,1858424.96,0.00
Rietvlei,2016/01/23,17:00:00,198908.00,401442.52
Rietvlei,2016/01/23,18:00:00,198908.00,401448.00
Tsalano,2016/01/23,18:00:00,1858424.96,0.00
Rietvlei,2016/01/23,19:00:00,198908.00,401498.00
Tsalano,2016/01/23,19:00:00,1858426.08,0.00
Rietvlei,2016/01/23,20:00:00,198908.00,401510.52
Tsalano,2016/01/23,20:00:01,1858426.08,0.00
Tsalano,2016/01/23,21:00:00,1858426.08,0.00
Rietvlei,2016/01/23,21:00:00,198908.00,401519.52
Tsalano,2016/01/23,22:00:00,1858426.08,0.00
Rietvlei,2016/01/23,22:00:00,198908.00,401528.00
Tsalano,2016/01/23,23:00:00,1858438.08,0.00
Rietvlei,2016/01/23,23:00:00,198908.00,401601.00
Tsalano,2016/01/24,00:00:00,1858438.08,0.00
Rietvlei,2016/01/24,00:00:00,198908.00,401617.52
Rietvlei,2016/01/24,01:00:00,198908.00,401617.52
Tsalano,2016/01/24,01:00:00,1858444.00,0.00
Tsalano,2016/01/24,02:00:00,1858444.00,0.00
Rietvlei,2016/01/24,02:00:00,198908.00,401617.52
Tsalano,2016/01/24,03:00:00,1858444.00,0.00
Rietvlei,2016/01/24,03:00:00,198908.00,401617.52
Rietvlei,2016/01/24,04:00:00,198908.00,401617.52
Tsalano,2016/01/24,04:00:01,1858444.00,0.00
Rietvlei,2016/01/24,05:00:00,198908.00,401617.52
Tsalano,2016/01/24,05:00:00,1858444.00,0.00
Tsalano,2016/01/24,06:00:00,1858444.00,0.00
Rietvlei,2016/01/24,06:00:01,198908.00,401617.52
Tsalano,2016/01/24,07:00:00,1858542.08,0.00
Rietvlei,2016/01/24,07:00:00,198908.00,401617.52
Rietvlei,2016/01/24,08:00:00,198908.00,401617.52
Tsalano,2016/01/24,08:00:00,1858584.00,0.00
Rietvlei,2016/01/24,09:00:00,198908.00,401626.52
Tsalano,2016/01/24,09:00:00,1858598.08,0.00
Rietvlei,2016/01/24,10:00:00,198908.00,401658.00
Tsalano,2016/01/24,10:00:00,1858682.08,0.00
Tsalano,2016/01/24,11:00:00,1858780.00,0.00
Rietvlei,2016/01/24,11:00:00,198908.00,401838.00
Tsalano,2016/01/24,12:00:00,1858824.96,0.00
Tsalano,2016/01/24,13:00:00,1858824.96,0.00
Tsalano,2016/01/24,14:00:00,1858824.96,0.00
Rietvlei,2016/01/24,14:00:00,198908.00,401873.52
Rietvlei,2016/01/24,15:00:00,198908.00,401892.00
Tsalano,2016/01/24,15:00:00,1858824.96,0.00
Rietvlei,2016/01/24,16:00:00,198908.00,401917.52
Tsalano,2016/01/24,16:00:01,1858827.04,0.00
Rietvlei,2016/01/24,17:00:00,198908.00,401926.52
Tsalano,2016/01/24,17:00:00,1858840.00,0.00
Tsalano,2016/01/24,18:00:00,1858840.00,0.00
Tsalano,2016/01/24,18:00:00,1858840.00,0.00
Tsalano,2016/01/24,18:00:00,1858840.00,0.00
Rietvlei,2016/01/24,18:00:00,198908.00,401933.52
Rietvlei,2016/01/24,18:00:00,198908.00,401933.52
Rietvlei,2016/01/24,18:00:00,198908.00,401933.52
Tsalano,2016/01/24,18:00:00,1858840.00,0.00
Tsalano,2016/01/24,18:49:38,1858840.96,0.00
Tsalano,2016/01/24,19:00:00,1858848.96,0.00
Rietvlei,2016/01/24,19:00:00,0.00,401960.00
Rietvlei,2016/01/24,20:00:00,0.00,401961.00
Tsalano,2016/01/24,20:00:00,1858952.96,0.00
Tsalano,2016/01/24,21:00:00,1858954.08,0.00
Rietvlei,2016/01/24,21:00:01,0.00,402068.00
Tsalano,2016/01/24,22:00:00,1858971.04,0.00
Rietvlei,2016/01/24,22:00:00,0.00,402193.00
Tsalano,2016/01/24,23:00:00,1858971.04,0.00
Rietvlei,2016/01/24,23:00:00,0.00,402206.00
Tsalano,2016/01/25,00:00:00,1858971.04,0.00
Rietvlei,2016/01/25,00:00:00,0.00,402211.00
Rietvlei,2016/01/25,01:00:00,0.00,402214.52
Tsalano,2016/01/25,01:00:00,1858971.04,0.00
Tsalano,2016/01/25,02:00:00,1858971.04,0.00
Rietvlei,2016/01/25,02:00:01,0.00,402218.00
Tsalano,2016/01/25,03:00:00,1858971.04,0.00
Rietvlei,2016/01/25,03:00:00,0.00,402221.52
Rietvlei,2016/01/25,04:00:00,0.00,402225.00
Tsalano,2016/01/25,04:00:00,1858971.04,0.00
Rietvlei,2016/01/25,05:00:00,0.00,402236.52
Tsalano,2016/01/25,05:00:00,1858996.00,0.00
Tsalano,2016/01/25,06:00:00,1859040.96,0.00
Rietvlei,2016/01/25,06:00:00,0.00,402240.00
Tsalano,2016/01/25,07:00:00,1859088.96,0.00
Rietvlei,2016/01/25,07:00:00,0.00,402310.00
Rietvlei,2016/01/25,08:00:00,0.00,402374.52
Tsalano,2016/01/25,08:00:00,1859088.96,0.00
Rietvlei,2016/01/25,09:00:00,0.00,402601.00
Tsalano,2016/01/25,09:00:00,1859166.08,0.00
Tsalano,2016/01/25,10:00:00,1859215.04,0.00
Rietvlei,2016/01/25,10:00:00,0.00,402615.52
Tsalano,2016/01/25,11:00:00,1859320.96,0.00
Rietvlei,2016/01/25,11:00:01,0.00,402619.00
Rietvlei,2016/01/25,12:00:00,0.00,402622.52
Tsalano,2016/01/25,12:00:00,1859439.04,0.00
Rietvlei,2016/01/25,13:00:00,0.00,402626.00
Tsalano,2016/01/25,13:00:00,1859546.08,0.00
Rietvlei,2016/01/25,14:00:00,0.00,402637.00
Tsalano,2016/01/25,14:00:00,1859636.96,0.00
Tsalano,2016/01/25,15:00:00,1859744.00,0.00
Rietvlei,2016/01/25,15:00:00,0.00,402663.00
Tsalano,2016/01/25,16:00:00,1859844.00,0.00
Rietvlei,2016/01/25,16:00:01,0.00,402666.52
Rietvlei,2016/01/25,17:00:00,0.00,402714.00
Tsalano,2016/01/25,17:00:00,1859867.04,0.00
Tsalano,2016/01/25,18:00:00,1859868.96,0.00
Rietvlei,2016/01/25,18:00:00,0.00,402725.52
Tsalano,2016/01/25,19:00:00,1859888.00,0.00
Rietvlei,2016/01/25,19:00:00,0.00,402759.52
Rietvlei,2016/01/25,20:00:00,0.00,402771.00
Tsalano,2016/01/25,20:00:00,1859987.04,0.00
Rietvlei,2016/01/25,21:00:00,0.00,402777.00
Tsalano,2016/01/25,21:00:00,1859987.04,0.00
Tsalano,2016/01/25,22:00:00,1859987.04,0.00
Rietvlei,2016/01/25,22:00:00,0.00,402798.00
Tsalano,2016/01/25,23:00:00,1859987.04,0.00
Rietvlei,2016/01/25,23:00:00,0.00,402801.00
Tsalano,2016/01/26,00:00:00,1859987.04,0.00
Rietvlei,2016/01/26,00:00:00,0.00,402804.00
Rietvlei,2016/01/26,01:00:01,0.00,402804.00
Tsalano,2016/01/26,01:00:01,1859987.04,0.00
Rietvlei,2016/01/26,02:00:00,0.00,402804.00
Tsalano,2016/01/26,02:00:00,1859987.04,0.00
Tsalano,2016/01/26,03:00:00,1859987.04,0.00
Rietvlei,2016/01/26,03:00:00,0.00,402804.00
Rietvlei,2016/01/26,04:00:00,0.00,402804.00
Tsalano,2016/01/26,04:00:00,1859987.04,0.00
Rietvlei,2016/01/26,05:00:00,0.00,402804.00
Tsalano,2016/01/26,05:00:01,1859988.00,0.00
Tsalano,2016/01/26,06:00:00,1860040.00,0.00
Rietvlei,2016/01/26,06:00:01,0.00,402804.00
Tsalano,2016/01/26,07:00:00,1860108.00,0.00
Rietvlei,2016/01/26,07:00:00,0.00,402948.00
Tsalano,2016/01/26,08:00:00,1860108.00,0.00
Rietvlei,2016/01/26,08:00:00,0.00,402966.00
Rietvlei,2016/01/26,09:00:00,0.00,402977.00
Tsalano,2016/01/26,09:00:00,1860156.96,0.00
Rietvlei,2016/01/26,10:00:00,0.00,403197.52
Tsalano,2016/01/26,10:00:00,1860194.08,0.00
Tsalano,2016/01/26,11:00:00,1860250.08,0.00
Rietvlei,2016/01/26,11:00:00,0.00,403285.00
Tsalano,2016/01/26,12:00:00,1860260.00,0.00
Rietvlei,2016/01/26,12:00:00,0.00,403318.52
Rietvlei,2016/01/26,13:00:00,0.00,403366.00
Tsalano,2016/01/26,13:00:01,1860260.00,0.00
Tsalano,2016/01/26,14:00:00,1860272.96,0.00
Rietvlei,2016/01/26,14:00:00,0.00,403476.52
Tsalano,2016/01/26,15:00:00,1860284.96,0.00
Rietvlei,2016/01/26,15:00:01,0.00,403499.52
Tsalano,2016/01/26,16:00:00,1860292.00,0.00
Rietvlei,2016/01/26,16:00:00,0.00,403529.00
Tsalano,2016/01/26,17:00:00,1860319.04,0.00
Rietvlei,2016/01/26,17:00:00,0.00,403541.52
Tsalano,2016/01/26,18:00:00,1860332.96,0.00
Rietvlei,2016/01/26,19:00:00,0.00,403549.52
Tsalano,2016/01/26,19:00:00,1860360.00,0.00
Rietvlei,2016/01/26,20:00:00,0.00,403567.52
Tsalano,2016/01/26,20:00:00,1860427.04,0.00
Tsalano,2016/01/26,21:00:00,1860526.08,0.00
Rietvlei,2016/01/26,21:00:01,0.00,403572.52
Rietvlei,2016/01/26,22:00:00,0.00,403592.52
Tsalano,2016/01/26,22:00:00,1860526.08,0.00
Tsalano,2016/01/26,23:00:00,1860532.96,0.00
Rietvlei,2016/01/26,23:00:00,0.00,403593.52
Tsalano,2016/01/27,00:00:00,1860532.96,0.00
Rietvlei,2016/01/27,00:00:00,0.00,403593.52
Rietvlei,2016/01/27,01:00:00,0.00,403593.52
Tsalano,2016/01/27,01:00:00,1860532.96,0.00
Tsalano,2016/01/27,02:00:00,1860532.96,0.00
Rietvlei,2016/01/27,02:00:00,0.00,403593.52
Tsalano,2016/01/27,03:00:00,1860532.96,0.00
Rietvlei,2016/01/27,03:00:00,0.00,403601.52
Rietvlei,2016/01/27,04:00:00,0.00,403605.00
Tsalano,2016/01/27,04:00:00,1860532.96,0.00
Rietvlei,2016/01/27,05:00:00,0.00,403608.00
Tsalano,2016/01/27,05:00:00,1860532.96,0.00
Rietvlei,2016/01/27,06:00:00,0.00,403611.52
Tsalano,2016/01/27,06:00:00,1860583.04,0.00
Rietvlei,2016/01/27,07:00:00,0.00,403747.52
Tsalano,2016/01/27,07:00:00,1860626.08,0.00
Tsalano,2016/01/27,08:00:00,1860627.04,0.00
Rietvlei,2016/01/27,08:00:00,0.00,404022.00
Tsalano,2016/01/27,09:00:00,1860632.00,0.00
Rietvlei,2016/01/27,09:00:00,0.00,404099.52
Tsalano,2016/01/27,10:00:00,1860632.00,0.00
Rietvlei,2016/01/27,10:00:00,0.00,404099.52
Rietvlei,2016/01/27,11:00:00,0.00,404099.52
Tsalano,2016/01/27,11:00:00,1860632.96,0.00
Tsalano,2016/01/27,12:00:00,1860638.08,0.00
Rietvlei,2016/01/27,12:00:01,0.00,404099.52
Rietvlei,2016/01/27,13:00:00,0.00,404110.00
Tsalano,2016/01/27,13:00:01,1860688.00,0.00
Rietvlei,2016/01/27,14:00:00,0.00,404111.00
Tsalano,2016/01/27,14:00:00,1860892.00,0.00
Rietvlei,2016/01/27,15:00:00,0.00,404119.52
Tsalano,2016/01/27,15:00:00,1860924.00,0.00
Tsalano,2016/01/27,16:00:00,1860928.96,0.00
Rietvlei,2016/01/27,16:00:00,0.00,404122.00
Rietvlei,2016/01/27,17:00:00,0.00,404122.52
Tsalano,2016/01/27,17:00:00,1860935.04,0.00
Rietvlei,2016/01/27,18:00:00,0.00,404163.52
Tsalano,2016/01/27,18:00:00,1860950.08,0.00
Rietvlei,2016/01/27,19:00:00,0.00,404167.52
Tsalano,2016/01/27,19:00:00,1860954.08,0.00
Tsalano,2016/01/27,20:00:00,1861047.04,0.00
Rietvlei,2016/01/27,20:00:01,0.00,404265.00
Rietvlei,2016/01/27,21:00:00,0.00,404272.52
Tsalano,2016/01/27,21:00:01,1861068.96,0.00
Tsalano,2016/01/27,22:00:00,1861068.96,0.00
Rietvlei,2016/01/27,22:00:00,0.00,404279.00
Rietvlei,2016/01/27,23:00:00,0.00,404292.52
Tsalano,2016/01/27,23:00:00,1861068.96,0.00
Rietvlei,2016/01/28,00:00:00,0.00,404298.00
Tsalano,2016/01/28,00:00:00,1861068.96,0.00
Rietvlei,2016/01/28,01:00:00,0.00,404304.00
Tsalano,2016/01/28,01:00:00,1861068.96,0.00
Tsalano,2016/01/28,02:00:00,1861068.96,0.00
Rietvlei,2016/01/28,02:00:00,0.00,404310.00
Tsalano,2016/01/28,03:00:00,1861068.96,0.00
Rietvlei,2016/01/28,03:00:00,0.00,404315.52
Rietvlei,2016/01/28,04:00:00,0.00,404321.52
Tsalano,2016/01/28,04:00:00,1861068.96,0.00
Rietvlei,2016/01/28,05:00:00,0.00,404327.52
Tsalano,2016/01/28,05:00:01,1861080.00,0.00
Rietvlei,2016/01/28,06:00:00,0.00,404428.52
Tsalano,2016/01/28,06:00:00,1861164.96,0.00
Tsalano,2016/01/28,07:00:00,1861236.96,0.00
Rietvlei,2016/01/28,07:00:00,0.00,404560.52
Rietvlei,2016/01/28,08:00:00,0.00,404657.52
Tsalano,2016/01/28,08:00:00,1861280.00,0.00
Tsalano,2016/01/28,09:00:00,1861360.00,0.00
Rietvlei,2016/01/28,09:00:00,0.00,404659.52
Rietvlei,2016/01/28,10:00:00,0.00,404661.52
Tsalano,2016/01/28,10:00:00,1861472.00,0.00
Tsalano,2016/01/28,11:00:00,1861503.04,0.00
Rietvlei,2016/01/28,11:00:01,0.00,404662.52
Rietvlei,2016/01/28,12:00:00,0.00,404662.52
Tsalano,2016/01/28,12:00:00,1861512.00,0.00
Tsalano,2016/01/28,13:00:00,1861667.04,0.00
Rietvlei,2016/01/28,13:00:00,0.00,404662.52
Rietvlei,2016/01/28,14:00:00,0.00,404673.52
Tsalano,2016/01/28,14:00:00,1861672.96,0.00
Tsalano,2016/01/28,15:00:00,1861695.04,0.00
Rietvlei,2016/01/28,15:00:00,0.00,404676.00
Rietvlei,2016/01/28,16:00:00,0.00,404678.00
Tsalano,2016/01/28,16:00:00,1861720.00,0.00
Tsalano,2016/01/28,17:00:00,1861720.00,0.00
Rietvlei,2016/01/28,17:00:00,0.00,404712.00
Tsalano,2016/01/28,18:00:00,1861724.96,0.00
Rietvlei,2016/01/28,18:00:00,0.00,404729.00
Tsalano,2016/01/28,19:00:00,1861732.00,0.00
Rietvlei,2016/01/28,19:00:00,0.00,404746.00
Tsalano,2016/01/28,20:00:00,1861778.08,0.00
Rietvlei,2016/01/28,20:00:00,0.00,404753.00
Rietvlei,2016/01/28,21:00:00,0.00,404757.00
Tsalano,2016/01/28,21:00:00,1861896.96,0.00
Rietvlei,2016/01/28,22:00:00,0.00,404768.52
Tsalano,2016/01/28,22:00:00,1861896.96,0.00
Rietvlei,2016/01/28,23:00:00,0.00,404808.52
Tsalano,2016/01/28,23:00:00,1861896.96,0.00
Rietvlei,2016/01/29,00:00:00,0.00,404814.52
Tsalano,2016/01/29,00:00:00,1861896.96,0.00
Rietvlei,2016/01/29,01:00:00,0.00,404819.52
Tsalano,2016/01/29,01:00:00,1861896.96,0.00
Tsalano,2016/01/29,02:00:00,1861896.96,0.00
Rietvlei,2016/01/29,02:00:00,0.00,404824.00
Rietvlei,2016/01/29,03:00:00,0.00,404829.00
Tsalano,2016/01/29,03:00:00,1861896.96,0.00
Rietvlei,2016/01/29,04:00:00,0.00,404833.52
Tsalano,2016/01/29,04:00:00,1861896.96,0.00
Tsalano,2016/01/29,05:00:00,1861896.96,0.00
Rietvlei,2016/01/29,05:00:00,0.00,404838.52
Tsalano,2016/01/29,06:00:00,1862024.96,0.00
Rietvlei,2016/01/29,06:00:00,0.00,404853.52
Tsalano,2016/01/29,07:00:00,1862200.96,0.00
Rietvlei,2016/01/29,07:00:00,0.00,404951.00
Rietvlei,2016/01/29,08:00:00,0.00,405030.52
Tsalano,2016/01/29,08:00:00,1862350.08,0.00
Tsalano,2016/01/29,09:00:00,1862383.04,0.00
Rietvlei,2016/01/29,09:00:00,0.00,405331.52
Rietvlei,2016/01/29,10:00:00,0.00,405371.52
Tsalano,2016/01/29,10:00:00,1862388.96,0.00
Tsalano,2016/01/29,11:00:00,1862388.96,0.00
Rietvlei,2016/01/29,11:00:01,0.00,405375.00
Rietvlei,2016/01/29,12:00:00,0.00,405378.00
Tsalano,2016/01/29,12:00:00,1862416.96,0.00
Rietvlei,2016/01/29,13:00:00,0.00,405450.00
Tsalano,2016/01/29,13:00:00,1862442.08,0.00
Tsalano,2016/01/29,14:00:00,1862454.08,0.00
Rietvlei,2016/01/29,14:00:00,0.00,405524.52
Rietvlei,2016/01/29,15:00:00,0.00,405541.00
Tsalano,2016/01/29,15:00:00,1862454.08,0.00
Tsalano,2016/01/29,16:00:00,1862460.00,0.00
Rietvlei,2016/01/29,16:00:00,0.00,405557.52
Rietvlei,2016/01/29,17:00:00,0.00,405572.52
Tsalano,2016/01/29,17:00:00,1862624.00,0.00
Rietvlei,2016/01/29,18:00:00,0.00,405576.00
Tsalano,2016/01/29,18:00:00,1862647.04,0.00
Rietvlei,2016/01/29,19:00:00,0.00,405589.52
Tsalano,2016/01/29,19:00:01,1862668.00,0.00
Rietvlei,2016/01/29,20:00:00,0.00,405600.52
Tsalano,2016/01/29,20:00:00,1862743.04,0.00
Tsalano,2016/01/29,21:00:00,1862750.08,0.00
Rietvlei,2016/01/29,21:00:00,0.00,405605.00
Tsalano,2016/01/29,22:00:00,1862764.00,0.00
Rietvlei,2016/01/29,22:00:00,0.00,405626.00
Tsalano,2016/01/29,23:00:00,1862764.96,0.00
Rietvlei,2016/01/29,23:00:00,0.00,405628.00
Rietvlei,2016/01/30,00:00:00,0.00,405628.00
Tsalano,2016/01/30,00:00:00,1862764.96,0.00
Tsalano,2016/01/30,01:00:00,1862764.96,0.00
Rietvlei,2016/01/30,01:00:00,0.00,405628.00
Tsalano,2016/01/30,02:00:00,1862764.96,0.00
Rietvlei,2016/01/30,02:00:00,0.00,405628.00
Rietvlei,2016/01/30,03:00:00,0.00,405628.00
Tsalano,2016/01/30,03:00:00,1862764.96,0.00
Tsalano,2016/01/30,04:00:00,1862792.96,0.00
Rietvlei,2016/01/30,04:00:00,0.00,405628.00
Rietvlei,2016/01/30,05:00:00,0.00,405628.00
Tsalano,2016/01/30,05:00:00,1862792.96,0.00
Tsalano,2016/01/30,06:00:00,1862792.96,0.00
Rietvlei,2016/01/30,06:00:00,0.00,405742.52
Tsalano,2016/01/30,07:00:00,1862884.96,0.00
Rietvlei,2016/01/30,07:00:00,0.00,405753.00
Tsalano,2016/01/30,08:00:00,1862940.96,0.00
Rietvlei,2016/01/30,08:00:00,0.00,405757.00
Rietvlei,2016/01/30,09:00:00,0.00,405857.52
Tsalano,2016/01/30,09:00:00,1862948.00,0.00
Tsalano,2016/01/30,10:00:00,1863052.96,0.00
Rietvlei,2016/01/30,10:00:00,0.00,406030.52
Rietvlei,2016/01/30,11:00:00,0.00,406070.00
Tsalano,2016/01/30,11:00:00,1863066.08,0.00
Rietvlei,2016/01/30,12:00:00,0.00,406074.52
Tsalano,2016/01/30,12:00:00,1863072.00,0.00
Rietvlei,2016/01/30,13:00:00,0.00,406079.52
Tsalano,2016/01/30,13:00:00,1863072.00,0.00
Rietvlei,2016/01/30,14:00:00,0.00,406082.00
Tsalano,2016/01/30,14:00:00,1863072.96,0.00
Rietvlei,2016/01/30,15:00:00,0.00,406097.52
Tsalano,2016/01/30,15:00:00,1863139.04,0.00
Tsalano,2016/01/30,16:00:00,1863139.04,0.00
Rietvlei,2016/01/30,16:00:01,0.00,406156.00
Rietvlei,2016/01/30,17:00:00,0.00,406201.52
Tsalano,2016/01/30,17:00:00,1863139.04,0.00
Rietvlei,2016/01/30,18:00:00,0.00,406214.00
Tsalano,2016/01/30,18:00:00,1863156.00,0.00
Rietvlei,2016/01/30,19:00:00,0.00,406241.00
Tsalano,2016/01/30,19:00:00,1863156.96,0.00
Tsalano,2016/01/30,20:00:00,1863159.04,0.00
Rietvlei,2016/01/30,20:00:00,0.00,406254.52
Tsalano,2016/01/30,21:00:00,1863188.96,0.00
Rietvlei,2016/01/30,21:00:00,0.00,406259.52
Rietvlei,2016/01/30,22:00:00,0.00,406264.00
Tsalano,2016/01/30,22:00:00,1863200.96,0.00
Rietvlei,2016/01/30,23:00:00,0.00,406268.52
Tsalano,2016/01/30,23:00:00,1863200.96,0.00
Rietvlei,2016/01/31,00:00:00,0.00,406272.52
Tsalano,2016/01/31,00:00:00,1863207.04,0.00
Tsalano,2016/01/31,01:00:00,1863207.04,0.00
Rietvlei,2016/01/31,01:00:00,0.00,406297.52
Rietvlei,2016/01/31,02:00:00,0.00,406297.52
Tsalano,2016/01/31,02:00:00,1863207.04,0.00
Rietvlei,2016/01/31,03:00:00,0.00,406297.52
Tsalano,2016/01/31,03:00:00,1863207.04,0.00
Tsalano,2016/01/31,04:00:00,1863207.04,0.00
Rietvlei,2016/01/31,04:00:00,0.00,406305.52
Rietvlei,2016/01/31,05:00:00,0.00,406326.00
Tsalano,2016/01/31,05:00:00,1863207.04,0.00
Tsalano,2016/01/31,06:00:00,1863263.04,0.00
Rietvlei,2016/01/31,06:00:00,0.00,406335.00
Tsalano,2016/01/31,07:00:00,1863400.96,0.00
Rietvlei,2016/01/31,07:00:00,0.00,406342.52
Tsalano,2016/01/31,08:00:00,1863408.00,0.00
Rietvlei,2016/01/31,08:00:00,0.00,406365.00
Rietvlei,2016/01/31,09:00:00,0.00,406369.00
Tsalano,2016/01/31,09:00:00,1863428.00,0.00
Rietvlei,2016/01/31,10:00:00,0.00,406372.00
Tsalano,2016/01/31,10:00:00,1863440.96,0.00
Tsalano,2016/01/31,11:00:00,1863474.08,0.00
Rietvlei,2016/01/31,11:00:01,0.00,406404.00
Tsalano,2016/01/31,12:00:00,1863487.04,0.00
Rietvlei,2016/01/31,12:00:00,0.00,406460.00
Tsalano,2016/01/31,13:00:00,1863487.04,0.00
Rietvlei,2016/01/31,13:00:00,0.00,406609.52
Rietvlei,2016/01/31,14:00:00,0.00,406612.00
Tsalano,2016/01/31,14:00:00,1863487.04,0.00
Rietvlei,2016/01/31,15:00:00,0.00,406612.00
Tsalano,2016/01/31,15:00:00,1863500.00,0.00
Rietvlei,2016/01/31,16:00:00,0.00,406612.52
Tsalano,2016/01/31,16:00:00,1863500.00,0.00
Rietvlei,2016/01/31,17:00:00,0.00,406676.00
Tsalano,2016/01/31,17:00:00,1863500.00,0.00
Rietvlei,2016/01/31,18:00:00,0.00,406677.52
Tsalano,2016/01/31,18:00:00,1863500.00,0.00
Rietvlei,2016/01/31,19:00:00,0.00,406678.00
Tsalano,2016/01/31,19:00:00,1863526.08,0.00
Rietvlei,2016/01/31,20:00:00,0.00,406689.52
Tsalano,2016/01/31,20:00:00,1863547.04,0.00
Tsalano,2016/01/31,21:00:00,1863560.96,0.00
Rietvlei,2016/01/31,21:00:00,0.00,406714.52
Rietvlei,2016/01/31,22:00:00,0.00,406717.00
Tsalano,2016/01/31,22:00:00,1863570.08,0.00
Rietvlei,2016/01/31,23:00:00,0.00,406725.00
Tsalano,2016/01/31,23:00:00,1863570.08,0.00
Tsalano,2016/02/01,00:00:00,1863576.00,0.00
Rietvlei,2016/02/01,00:00:00,0.00,406730.00
Rietvlei,2016/02/01,01:00:00,0.00,406733.52
Tsalano,2016/02/01,01:00:00,1863576.00,0.00
Rietvlei,2016/02/01,02:00:00,0.00,406737.52
Tsalano,2016/02/01,02:00:00,1863576.00,0.00
Rietvlei,2016/02/01,03:00:00,0.00,406741.00
Tsalano,2016/02/01,03:00:00,1863576.00,0.00
Tsalano,2016/02/01,03:27:01,1863576.00,0.00
Rietvlei,2016/02/01,04:00:00,0.00,406745.00
Tsalano,2016/02/01,04:00:00,1863576.00,0.00
Tsalano,2016/02/01,05:00:01,1863607.04,0.00
Rietvlei,2016/02/01,05:00:01,0.00,406748.00
Tsalano,2016/02/01,06:00:00,1863639.04,0.00
Rietvlei,2016/02/01,06:00:00,0.00,406774.00
Tsalano,2016/02/01,07:00:00,1863651.04,0.00
Rietvlei,2016/02/01,07:00:00,0.00,406841.52
Rietvlei,2016/02/01,08:00:00,0.00,406978.00
Tsalano,2016/02/01,08:00:01,1863699.04,0.00
Rietvlei,2016/02/01,09:00:00,0.00,406978.52
Tsalano,2016/02/01,09:00:00,1863707.04,0.00
Tsalano,2016/02/01,10:00:00,1863731.04,0.00
Rietvlei,2016/02/01,10:00:00,0.00,406986.00
Tsalano,2016/02/01,11:00:00,1863731.04,0.00
Rietvlei,2016/02/01,11:00:00,0.00,407049.52
Tsalano,2016/02/01,12:00:00,1863740.96,0.00
Rietvlei,2016/02/01,12:00:00,0.00,407059.00
Tsalano,2016/02/01,13:00:00,1863740.96,0.00
Rietvlei,2016/02/01,13:00:00,0.00,407059.52
Tsalano,2016/02/01,14:00:00,1863796.00,0.00
Rietvlei,2016/02/01,14:00:00,0.00,407059.52
Tsalano,2016/02/01,15:00:00,1863800.96,0.00
Rietvlei,2016/02/01,15:00:00,0.00,407076.00
Rietvlei,2016/02/01,16:00:00,0.00,407077.52
Tsalano,2016/02/01,16:00:01,1863802.08,0.00
Tsalano,2016/02/01,17:00:00,1863832.00,0.00
Rietvlei,2016/02/01,17:00:00,0.00,407109.00
Rietvlei,2016/02/01,18:00:00,0.00,407182.00
Tsalano,2016/02/01,18:00:00,1863832.96,0.00
Rietvlei,2016/02/01,19:00:00,0.00,407190.52
Tsalano,2016/02/01,19:00:00,1863872.96,0.00
Rietvlei,2016/02/01,20:00:00,0.00,407208.00
Tsalano,2016/02/01,20:00:00,1863952.96,0.00
Rietvlei,2016/02/01,21:00:00,0.00,407212.52
Tsalano,2016/02/01,21:00:00,1863966.08,0.00
Rietvlei,2016/02/01,22:00:00,0.00,407222.00
Tsalano,2016/02/01,22:00:00,1863966.08,0.00
Rietvlei,2016/02/01,23:00:00,0.00,407241.00
Tsalano,2016/02/01,23:00:00,1863966.08,0.00
Rietvlei,2016/02/02,00:00:00,0.00,407241.00
Tsalano,2016/02/02,00:00:00,1863966.08,0.00
Rietvlei,2016/02/02,01:00:00,0.00,407241.00
Tsalano,2016/02/02,01:00:00,1863966.08,0.00
Tsalano,2016/02/02,02:00:00,1863966.08,0.00
Rietvlei,2016/02/02,02:00:00,0.00,407248.00
Tsalano,2016/02/02,03:00:00,1863966.08,0.00
Rietvlei,2016/02/02,03:00:00,0.00,407248.00
Rietvlei,2016/02/02,04:00:00,0.00,407248.00
Tsalano,2016/02/02,04:00:00,1863966.08,0.00
Tsalano,2016/02/02,05:00:00,1863966.08,0.00
Rietvlei,2016/02/02,05:00:00,0.00,407248.00
Tsalano,2016/02/02,06:00:00,1864048.96,0.00
Rietvlei,2016/02/02,06:00:00,0.00,407260.52
Tsalano,2016/02/02,07:00:00,1864114.08,0.00
Rietvlei,2016/02/02,07:00:00,0.00,407328.52
Rietvlei,2016/02/02,08:00:00,0.00,407497.52
Tsalano,2016/02/02,08:00:00,1864128.96,0.00
Rietvlei,2016/02/02,09:00:00,0.00,407502.52
Tsalano,2016/02/02,09:00:00,1864131.04,0.00
Rietvlei,2016/02/02,10:00:00,0.00,407591.52
Tsalano,2016/02/02,10:00:00,1864168.00,0.00
Rietvlei,2016/02/02,11:00:00,0.00,407634.52
Tsalano,2016/02/02,11:00:00,1864242.08,0.00
Rietvlei,2016/02/02,12:00:00,0.00,407701.52
Tsalano,2016/02/02,12:00:00,1864278.08,0.00
Tsalano,2016/02/02,13:00:00,1864368.96,0.00
Rietvlei,2016/02/02,13:00:00,0.00,407719.00
Tsalano,2016/02/02,14:00:00,1864394.08,0.00
Rietvlei,2016/02/02,14:00:00,0.00,407728.52
Tsalano,2016/02/02,15:00:00,1864532.00,0.00
Rietvlei,2016/02/02,15:00:00,0.00,407801.52
Rietvlei,2016/02/02,16:00:00,0.00,407829.52
Tsalano,2016/02/02,16:00:00,1864532.00,0.00
Tsalano,2016/02/02,17:00:00,1864556.96,0.00
Rietvlei,2016/02/02,17:00:00,0.00,407838.52
Rietvlei,2016/02/02,18:00:00,0.00,407849.52
Tsalano,2016/02/02,18:00:00,1864576.96,0.00
Rietvlei,2016/02/02,19:00:00,0.00,407877.00
Tsalano,2016/02/02,19:00:01,1864586.08,0.00
Tsalano,2016/02/02,20:00:00,1864716.96,0.00
Rietvlei,2016/02/02,20:00:01,0.00,407877.52
Tsalano,2016/02/02,21:00:00,1864732.00,0.00
Rietvlei,2016/02/02,21:00:00,0.00,407882.00
Rietvlei,2016/02/02,22:00:00,0.00,407985.00
Tsalano,2016/02/02,22:00:01,1864732.00,0.00
Rietvlei,2016/02/02,23:00:00,0.00,407985.00
Tsalano,2016/02/02,23:00:01,1864732.00,0.00
Rietvlei,2016/02/03,00:00:00,0.00,407987.00
Tsalano,2016/02/03,00:00:00,1864738.08,0.00
Tsalano,2016/02/03,01:00:00,1864738.08,0.00
Rietvlei,2016/02/03,01:00:00,0.00,407987.00
Rietvlei,2016/02/03,02:00:00,0.00,407987.00
Tsalano,2016/02/03,02:00:01,1864738.08,0.00
Rietvlei,2016/02/03,03:00:00,0.00,407987.00
Tsalano,2016/02/03,03:00:00,1864738.08,0.00
Rietvlei,2016/02/03,04:00:00,0.00,407987.00
Tsalano,2016/02/03,04:00:00,1864738.08,0.00
Tsalano,2016/02/03,05:00:00,1864776.96,0.00
Rietvlei,2016/02/03,05:00:00,0.00,407987.00
Rietvlei,2016/02/03,06:00:00,0.00,407990.52
Tsalano,2016/02/03,06:00:00,1864780.96,0.00
Tsalano,2016/02/03,07:00:00,1864843.04,0.00
Rietvlei,2016/02/03,07:00:00,0.00,408047.00
Rietvlei,2016/02/03,08:00:00,0.00,408066.52
Tsalano,2016/02/03,08:00:00,1864843.04,0.00
Tsalano,2016/02/03,09:00:00,1864843.04,0.00
Rietvlei,2016/02/03,09:00:00,0.00,408294.00
Tsalano,2016/02/03,10:00:00,1864848.00,0.00
Rietvlei,2016/02/03,10:00:00,0.00,408306.52
Tsalano,2016/02/03,11:00:00,1864848.00,0.00
Rietvlei,2016/02/03,11:00:00,0.00,408310.00
Tsalano,2016/02/03,12:00:00,1864888.96,0.00
Rietvlei,2016/02/03,12:00:00,0.00,408315.00
Tsalano,2016/02/03,13:00:00,1864932.96,0.00
Rietvlei,2016/02/03,13:00:00,0.00,408324.00
Rietvlei,2016/02/03,14:00:00,0.00,408354.00
Tsalano,2016/02/03,14:00:00,1865000.00,0.00
Rietvlei,2016/02/03,15:00:00,0.00,408362.00
Tsalano,2016/02/03,15:00:00,1865008.96,0.00
Tsalano,2016/02/03,16:00:00,1865008.96,0.00
Rietvlei,2016/02/03,16:00:00,0.00,408368.52
Rietvlei,2016/02/03,17:00:00,0.00,408380.00
Tsalano,2016/02/03,17:00:00,1865036.96,0.00
Rietvlei,2016/02/03,18:00:00,0.00,408385.00
Tsalano,2016/02/03,18:00:01,1865040.96,0.00
Rietvlei,2016/02/03,19:00:00,0.00,408420.52
Tsalano,2016/02/03,19:00:00,1865150.08,0.00
Tsalano,2016/02/03,20:00:00,1865182.08,0.00
Rietvlei,2016/02/03,20:00:00,0.00,408428.52
Rietvlei,2016/02/03,21:00:00,0.00,408430.52
Tsalano,2016/02/03,21:00:01,1865188.96,0.00
Rietvlei,2016/02/03,22:00:00,0.00,408430.52
Tsalano,2016/02/03,22:00:00,1865200.96,0.00
Tsalano,2016/02/03,23:00:00,1865200.96,0.00
Rietvlei,2016/02/03,23:00:00,0.00,408584.00
Rietvlei,2016/02/04,00:00:00,0.00,408584.00
Tsalano,2016/02/04,00:00:00,1865200.96,0.00
Rietvlei,2016/02/04,01:00:01,0.00,408584.00
Tsalano,2016/02/04,01:00:01,1865200.96,0.00
Rietvlei,2016/02/04,02:00:00,0.00,408584.00
Tsalano,2016/02/04,02:00:00,1865200.96,0.00
Rietvlei,2016/02/04,03:00:00,0.00,408584.00
Tsalano,2016/02/04,03:00:00,1865200.96,0.00
Tsalano,2016/02/04,04:00:00,1865200.96,0.00
Rietvlei,2016/02/04,04:00:00,0.00,408584.00
Rietvlei,2016/02/04,05:00:00,0.00,408584.00
Tsalano,2016/02/04,05:00:01,1865200.96,0.00
Rietvlei,2016/02/04,06:00:00,0.00,408598.00
Tsalano,2016/02/04,06:00:00,1865235.04,0.00
Tsalano,2016/02/04,07:00:00,1865372.00,0.00
Rietvlei,2016/02/04,07:00:00,0.00,408598.00
Rietvlei,2016/02/04,08:00:00,0.00,408681.52
Tsalano,2016/02/04,08:00:00,1865520.96,0.00
Rietvlei,2016/02/04,09:00:00,0.00,408851.00
Tsalano,2016/02/04,09:00:00,1865611.04,0.00
Rietvlei,2016/02/04,10:00:00,0.00,408862.52
Tsalano,2016/02/04,10:00:00,1865618.08,0.00
Rietvlei,2016/02/04,11:00:00,0.00,408880.52
Tsalano,2016/02/04,11:00:00,1865634.08,0.00
Tsalano,2016/02/04,12:00:00,1865634.08,0.00
Rietvlei,2016/02/04,12:00:00,0.00,408893.52
Rietvlei,2016/02/04,13:00:00,0.00,408904.52
Tsalano,2016/02/04,13:00:00,1865634.08,0.00
Rietvlei,2016/02/04,14:00:00,0.00,408905.00
Tsalano,2016/02/04,14:00:00,1865634.08,0.00
Rietvlei,2016/02/04,15:00:00,0.00,408917.52
Tsalano,2016/02/04,15:00:00,1865674.08,0.00
Tsalano,2016/02/04,16:00:00,1865682.08,0.00
Rietvlei,2016/02/04,16:00:00,0.00,408943.52
Rietvlei,2016/02/04,17:00:00,0.00,408947.52
Tsalano,2016/02/04,17:00:00,1865688.00,0.00
Tsalano,2016/02/04,18:00:00,1865695.04,0.00
Rietvlei,2016/02/04,18:00:00,0.00,408947.52
Tsalano,2016/02/04,19:00:00,1865760.96,0.00
Rietvlei,2016/02/04,19:00:01,0.00,408948.00
Tsalano,2016/02/04,20:00:00,1865779.04,0.00
Rietvlei,2016/02/04,20:00:01,0.00,408961.52
Rietvlei,2016/02/04,21:00:00,0.00,408965.52
Tsalano,2016/02/04,21:00:00,1865784.96,0.00
Rietvlei,2016/02/04,22:00:00,0.00,408980.00
Tsalano,2016/02/04,22:00:00,1865784.96,0.00
Tsalano,2016/02/04,23:00:00,1865803.04,0.00
Rietvlei,2016/02/04,23:00:00,0.00,409027.00
Tsalano,2016/02/05,00:00:00,1865803.04,0.00
Rietvlei,2016/02/05,00:00:00,0.00,409027.00
Rietvlei,2016/02/05,01:00:00,0.00,409036.00
Tsalano,2016/02/05,01:00:00,1865803.04,0.00
Rietvlei,2016/02/05,02:00:00,0.00,409036.00
Tsalano,2016/02/05,02:00:00,1865803.04,0.00
Rietvlei,2016/02/05,03:00:00,0.00,409036.00
Tsalano,2016/02/05,03:00:00,1865803.04,0.00
Rietvlei,2016/02/05,04:00:00,0.00,409036.00
Tsalano,2016/02/05,04:00:00,1865803.04,0.00
Rietvlei,2016/02/05,05:00:00,0.00,409036.00
Tsalano,2016/02/05,05:00:00,1865832.00,0.00
Tsalano,2016/02/05,06:00:00,1865975.04,0.00
Rietvlei,2016/02/05,06:00:00,0.00,409044.52
Tsalano,2016/02/05,07:00:00,1866100.00,0.00
Rietvlei,2016/02/05,07:00:00,0.00,409095.00
Rietvlei,2016/02/05,08:00:00,0.00,409345.52
Tsalano,2016/02/05,08:00:00,1866100.00,0.00
Rietvlei,2016/02/05,09:00:00,0.00,409395.00
Tsalano,2016/02/05,09:00:00,1866100.00,0.00
Tsalano,2016/02/05,10:00:00,1866100.00,0.00
Rietvlei,2016/02/05,10:00:01,0.00,409399.00
Tsalano,2016/02/05,11:00:00,1866100.00,0.00
Rietvlei,2016/02/05,11:00:00,0.00,409413.52
Rietvlei,2016/02/05,12:00:00,0.00,409426.52
Tsalano,2016/02/05,12:00:01,1866100.00,0.00
Rietvlei,2016/02/05,13:00:00,0.00,409444.52
Tsalano,2016/02/05,13:00:00,1866252.96,0.00
Rietvlei,2016/02/05,14:00:00,0.00,409536.52
Tsalano,2016/02/05,14:00:00,1866258.08,0.00
Tsalano,2016/02/05,15:00:00,1866260.96,0.00
Rietvlei,2016/02/05,15:00:00,0.00,409783.52
Tsalano,2016/02/05,16:00:00,1866314.08,0.00
Rietvlei,2016/02/05,16:00:00,0.00,409795.52
Rietvlei,2016/02/05,17:00:00,0.00,409807.00
Tsalano,2016/02/05,17:00:00,1866314.08,0.00
Rietvlei,2016/02/05,18:00:00,0.00,409841.52
Tsalano,2016/02/05,18:00:00,1866320.00,0.00
Rietvlei,2016/02/05,19:00:00,0.00,409850.00
Tsalano,2016/02/05,19:00:00,1866326.08,0.00
Tsalano,2016/02/05,20:00:00,1866326.08,0.00
Rietvlei,2016/02/05,20:00:01,0.00,409861.00
Rietvlei,2016/02/05,21:00:00,0.00,409865.52
Tsalano,2016/02/05,21:00:00,1866331.04,0.00
Tsalano,2016/02/05,22:00:00,1866331.04,0.00
Rietvlei,2016/02/05,22:00:00,0.00,409888.52
Rietvlei,2016/02/05,23:00:00,0.00,410004.52
Tsalano,2016/02/05,23:00:00,1866332.00,0.00
Tsalano,2016/02/06,00:00:00,1866332.00,0.00
Rietvlei,2016/02/06,00:00:00,0.00,410004.52
Tsalano,2016/02/06,01:00:00,1866332.00,0.00
Rietvlei,2016/02/06,01:00:00,0.00,410005.00
Tsalano,2016/02/06,02:00:00,1866332.00,0.00
Rietvlei,2016/02/06,02:00:00,0.00,410005.00
Rietvlei,2016/02/06,03:00:00,0.00,410005.00
Tsalano,2016/02/06,03:00:00,1866332.00,0.00
Rietvlei,2016/02/06,04:00:00,0.00,410005.00
Tsalano,2016/02/06,04:00:00,1866332.00,0.00
Rietvlei,2016/02/06,05:00:00,0.00,410005.00
Tsalano,2016/02/06,05:00:01,1866332.00,0.00
Rietvlei,2016/02/06,06:00:00,0.00,410017.00
Tsalano,2016/02/06,06:00:00,1866332.00,0.00
Tsalano,2016/02/06,07:00:00,1866440.96,0.00
Rietvlei,2016/02/06,07:00:00,0.00,410017.00
Rietvlei,2016/02/06,08:00:00,0.00,410031.52
Tsalano,2016/02/06,08:00:01,1866466.08,0.00
Rietvlei,2016/02/06,09:00:00,0.00,410056.52
Tsalano,2016/02/06,09:00:00,1866480.00,0.00
Tsalano,2016/02/06,10:00:00,1866563.04,0.00
Rietvlei,2016/02/06,10:00:00,0.00,410056.52
Tsalano,2016/02/06,11:00:00,1866595.04,0.00
Rietvlei,2016/02/06,11:00:00,0.00,410094.00
Tsalano,2016/02/06,12:00:00,1866616.96,0.00
Rietvlei,2016/02/06,12:00:00,0.00,410096.00
Tsalano,2016/02/06,13:00:00,1866616.96,0.00
Rietvlei,2016/02/06,13:00:00,0.00,410106.00
Rietvlei,2016/02/06,14:00:00,0.00,410165.52
Tsalano,2016/02/06,14:00:00,1866624.00,0.00
Tsalano,2016/02/06,15:00:00,1866627.04,0.00
Rietvlei,2016/02/06,15:00:00,0.00,410214.52
Tsalano,2016/02/06,16:00:00,1866628.96,0.00
Rietvlei,2016/02/06,16:00:00,0.00,410409.00
Tsalano,2016/02/06,17:00:00,1866628.96,0.00
Rietvlei,2016/02/06,17:00:00,0.00,410534.52
Rietvlei,2016/02/06,18:00:00,0.00,410573.00
Tsalano,2016/02/06,18:00:00,1866640.00,0.00
Tsalano,2016/02/06,19:00:00,1866650.08,0.00
Rietvlei,2016/02/06,19:00:00,0.00,410582.00
Tsalano,2016/02/06,20:00:00,1866656.00,0.00
Rietvlei,2016/02/06,20:00:00,0.00,410591.00
Rietvlei,2016/02/06,21:00:00,0.00,410604.00
Tsalano,2016/02/06,21:00:00,1866660.96,0.00
Tsalano,2016/02/06,22:00:00,1866660.96,0.00
Rietvlei,2016/02/06,22:00:00,0.00,410624.00
Rietvlei,2016/02/06,23:00:00,0.00,410735.52
Tsalano,2016/02/06,23:00:00,1866660.96,0.00
Tsalano,2016/02/07,00:00:00,1866660.96,0.00
Rietvlei,2016/02/07,00:00:00,0.00,410745.00
Tsalano,2016/02/07,01:00:00,1866660.96,0.00
Rietvlei,2016/02/07,01:00:00,0.00,410745.00
Tsalano,2016/02/07,02:00:00,1866660.96,0.00
Rietvlei,2016/02/07,02:00:00,0.00,410745.00
Tsalano,2016/02/07,03:00:00,1866660.96,0.00
Rietvlei,2016/02/07,03:00:00,0.00,410745.52
Rietvlei,2016/02/07,04:00:00,0.00,410745.52
Tsalano,2016/02/07,04:00:00,1866660.96,0.00
Rietvlei,2016/02/07,05:00:00,0.00,410745.52
Tsalano,2016/02/07,05:00:00,1866660.96,0.00
Rietvlei,2016/02/07,06:00:00,0.00,410745.52
Tsalano,2016/02/07,06:00:00,1866663.04,0.00
Rietvlei,2016/02/07,07:00:00,0.00,410777.00
Tsalano,2016/02/07,07:00:00,1866732.00,0.00
Rietvlei,2016/02/07,08:00:00,0.00,410780.52
Tsalano,2016/02/07,08:00:00,1866780.00,0.00
Rietvlei,2016/02/07,09:00:00,0.00,410799.52
Tsalano,2016/02/07,09:00:01,1866798.08,0.00
Rietvlei,2016/02/07,10:00:00,0.00,410811.52
Tsalano,2016/02/07,10:00:00,1866820.96,0.00
Tsalano,2016/02/07,11:00:00,1866824.00,0.00
Rietvlei,2016/02/07,11:00:00,0.00,410813.52
Tsalano,2016/02/07,12:00:00,1866856.96,0.00
Rietvlei,2016/02/07,12:00:00,0.00,410829.00
Rietvlei,2016/02/07,13:00:00,0.00,410830.52
Tsalano,2016/02/07,13:00:00,1866856.96,0.00
Rietvlei,2016/02/07,14:00:00,0.00,410837.52
Tsalano,2016/02/07,14:00:00,1866856.96,0.00
Rietvlei,2016/02/07,15:00:00,0.00,410961.52
Tsalano,2016/02/07,15:00:00,1866859.04,0.00
Tsalano,2016/02/07,16:00:00,1866867.04,0.00
Rietvlei,2016/02/07,16:00:00,0.00,410972.52
Rietvlei,2016/02/07,17:00:00,0.00,410979.52
Tsalano,2016/02/07,17:00:00,1866867.04,0.00
Rietvlei,2016/02/07,18:00:00,0.00,410981.52
Tsalano,2016/02/07,18:00:00,1866867.04,0.00
Tsalano,2016/02/07,19:00:00,1866879.04,0.00
Rietvlei,2016/02/07,19:00:00,0.00,410981.52
Tsalano,2016/02/07,20:00:00,1866906.08,0.00
Rietvlei,2016/02/07,20:00:00,0.00,410987.00
Rietvlei,2016/02/07,21:00:00,0.00,411067.52
Tsalano,2016/02/07,21:00:00,1866919.04,0.00
Rietvlei,2016/02/07,22:00:00,0.00,411128.52
Tsalano,2016/02/07,22:00:00,1866924.96,0.00
Rietvlei,2016/02/07,23:00:00,0.00,411133.52
Tsalano,2016/02/07,23:00:00,1866924.96,0.00
Tsalano,2016/02/08,00:00:00,1866924.96,0.00
Rietvlei,2016/02/08,00:00:00,0.00,411158.00
Tsalano,2016/02/08,01:00:00,1866924.96,0.00
Rietvlei,2016/02/08,01:00:00,0.00,411160.00
Rietvlei,2016/02/08,02:00:00,0.00,411160.00
Tsalano,2016/02/08,02:00:00,1866924.96,0.00
Tsalano,2016/02/08,03:00:00,1866924.96,0.00
Rietvlei,2016/02/08,03:00:00,0.00,411160.00
Tsalano,2016/02/08,04:00:00,1866924.96,0.00
Rietvlei,2016/02/08,04:00:00,0.00,411160.00
Tsalano,2016/02/08,05:00:00,1866927.04,0.00
Rietvlei,2016/02/08,05:00:00,0.00,411160.00
Tsalano,2016/02/08,06:00:00,1866950.08,0.00
Rietvlei,2016/02/08,06:00:00,0.00,411214.52
Tsalano,2016/02/08,07:00:00,1866978.08,0.00
Rietvlei,2016/02/08,07:00:00,0.00,411290.00
Rietvlei,2016/02/08,08:00:00,0.00,411385.52
Tsalano,2016/02/08,08:00:00,1867072.00,0.00
Rietvlei,2016/02/08,09:00:00,0.00,411385.52
Tsalano,2016/02/08,09:00:00,1867128.00,0.00
Tsalano,2016/02/08,10:00:00,1867148.96,0.00
Rietvlei,2016/02/08,10:00:01,0.00,411391.52
Tsalano,2016/02/08,11:00:00,1867208.00,0.00
Rietvlei,2016/02/08,11:00:00,0.00,411400.00
Tsalano,2016/02/08,12:00:00,1867236.96,0.00
Rietvlei,2016/02/08,12:00:00,0.00,411403.52
Tsalano,2016/02/08,13:00:00,1867239.04,0.00
Rietvlei,2016/02/08,13:00:00,0.00,411406.00
Rietvlei,2016/02/08,14:00:00,0.00,411409.52
Tsalano,2016/02/08,14:00:00,1867246.08,0.00
Tsalano,2016/02/08,15:00:00,1867251.04,0.00
Rietvlei,2016/02/08,15:00:00,0.00,411411.00
Tsalano,2016/02/08,16:00:00,1867252.00,0.00
Rietvlei,2016/02/08,16:00:00,0.00,411420.00
Rietvlei,2016/02/08,17:00:00,0.00,411430.00
Tsalano,2016/02/08,17:00:01,1867275.04,0.00
Tsalano,2016/02/08,18:00:00,1867384.00,0.00
Rietvlei,2016/02/08,18:00:00,0.00,411442.52
Rietvlei,2016/02/08,19:00:00,0.00,411453.52
Tsalano,2016/02/08,19:00:00,1867404.00,0.00
Rietvlei,2016/02/08,20:00:00,0.00,411464.00
Tsalano,2016/02/08,20:00:00,1867438.08,0.00
Rietvlei,2016/02/08,21:00:00,0.00,411471.00
Tsalano,2016/02/08,21:00:00,1867438.08,0.00
Rietvlei,2016/02/08,22:00:00,0.00,411488.00
Tsalano,2016/02/08,22:00:00,1867443.04,0.00
Rietvlei,2016/02/08,23:00:00,0.00,411526.52
Tsalano,2016/02/08,23:00:00,1867443.04,0.00
Rietvlei,2016/02/09,00:00:00,0.00,411536.00
Tsalano,2016/02/09,00:00:00,1867443.04,0.00
Tsalano,2016/02/09,00:00:35,1867443.04,0.00
Tsalano,2016/02/09,01:00:00,1867443.04,0.00
Rietvlei,2016/02/09,01:00:00,0.00,411536.00
Tsalano,2016/02/09,02:00:00,1867443.04,0.00
Rietvlei,2016/02/09,02:00:00,0.00,411536.00
Tsalano,2016/02/09,02:00:00,1867443.04,0.00
Tsalano,2016/02/09,02:00:00,1867443.04,0.00
Tsalano,2016/02/09,03:00:00,1867443.04,0.00
Rietvlei,2016/02/09,03:00:00,0.00,411536.00
Rietvlei,2016/02/09,04:00:00,0.00,411536.00
Tsalano,2016/02/09,04:00:00,1867443.04,0.00
Rietvlei,2016/02/09,05:00:00,0.00,411536.00
Tsalano,2016/02/09,05:00:00,1867471.04,0.00
Tsalano,2016/02/09,06:00:00,1867516.96,0.00
Rietvlei,2016/02/09,06:00:00,0.00,411584.52
Rietvlei,2016/02/09,07:00:00,0.00,411719.00
Tsalano,2016/02/09,07:00:00,1867579.04,0.00
Rietvlei,2016/02/09,08:00:00,0.00,411797.00
Tsalano,2016/02/09,08:00:00,1867686.08,0.00
Rietvlei,2016/02/09,09:00:00,0.00,411966.00
Tsalano,2016/02/09,09:00:00,1867747.04,0.00
Rietvlei,2016/02/09,10:00:00,0.00,412094.00
Tsalano,2016/02/09,10:00:00,1867838.08,0.00
Tsalano,2016/02/09,11:00:00,1867852.00,0.00
Rietvlei,2016/02/09,11:00:00,0.00,412120.52
Tsalano,2016/02/09,12:00:00,1867879.04,0.00
Rietvlei,2016/02/09,12:00:00,0.00,412170.52
Rietvlei,2016/02/09,13:00:00,0.00,412187.52
Tsalano,2016/02/09,13:00:00,1867914.08,0.00
Rietvlei,2016/02/09,14:00:00,0.00,412199.00
Tsalano,2016/02/09,14:00:00,1867924.96,0.00
Tsalano,2016/02/09,15:00:00,1867936.00,0.00
Rietvlei,2016/02/09,15:00:00,0.00,412204.00
Rietvlei,2016/02/09,16:00:00,0.00,412204.52
Tsalano,2016/02/09,16:00:00,1867988.96,0.00
Rietvlei,2016/02/09,17:00:00,0.00,412232.00
Tsalano,2016/02/09,17:00:00,1868022.08,0.00
Rietvlei,2016/02/09,18:00:00,0.00,412249.00
Tsalano,2016/02/09,18:00:00,1868022.08,0.00
Rietvlei,2016/02/09,19:00:00,0.00,412273.00
Tsalano,2016/02/09,19:00:00,1868023.04,0.00
Tsalano,2016/02/09,20:00:00,1868132.00,0.00
Rietvlei,2016/02/09,20:00:00,0.00,412280.52
Rietvlei,2016/02/09,21:00:00,0.00,412298.52
Tsalano,2016/02/09,21:00:00,1868136.96,0.00
Tsalano,2016/02/09,22:00:00,1868144.96,0.00
Rietvlei,2016/02/09,22:00:00,0.00,412310.52
Rietvlei,2016/02/09,23:00:00,0.00,412311.52
Tsalano,2016/02/09,23:00:00,1868144.96,0.00
Rietvlei,2016/02/10,00:00:00,0.00,412312.52
Tsalano,2016/02/10,00:00:00,1868144.96,0.00
Tsalano,2016/02/10,01:00:00,1868144.96,0.00
Rietvlei,2016/02/10,01:00:00,0.00,412312.52
Tsalano,2016/02/10,02:00:00,1868144.96,0.00
Rietvlei,2016/02/10,02:00:00,0.00,412320.52
Rietvlei,2016/02/10,03:00:00,0.00,412323.52
Tsalano,2016/02/10,03:00:00,1868144.96,0.00
Rietvlei,2016/02/10,04:00:00,0.00,412325.52
Tsalano,2016/02/10,04:00:00,1868144.96,0.00
Tsalano,2016/02/10,05:00:00,1868170.08,0.00
Rietvlei,2016/02/10,05:00:00,0.00,412327.52
Tsalano,2016/02/10,06:00:00,1868188.96,0.00
Rietvlei,2016/02/10,06:00:01,0.00,412327.52
Rietvlei,2016/02/10,07:00:00,0.00,412377.00
Tsalano,2016/02/10,07:00:01,1868220.96,0.00
Tsalano,2016/02/10,08:00:00,1868372.00,0.00
Rietvlei,2016/02/10,08:00:00,0.00,412452.00
Tsalano,2016/02/10,09:00:00,1868452.00,0.00
Rietvlei,2016/02/10,09:00:00,0.00,412654.52
Rietvlei,2016/02/10,10:00:00,0.00,412662.00
Tsalano,2016/02/10,10:00:00,1868479.04,0.00
Rietvlei,2016/02/10,11:00:00,0.00,412668.00
Tsalano,2016/02/10,11:00:01,1868480.00,0.00
Tsalano,2016/02/10,12:00:00,1868480.00,0.00
Rietvlei,2016/02/10,12:00:00,0.00,412733.00
